{
  "ROUGE": {
    "ROUGE-1": {
      "Precision": 0.53515625,
      "Recall": 0.21955128205128205,
      "F1": 0.31136363223801655
    },
    "ROUGE-2": {
      "Precision": 0.25164113785557984,
      "Recall": 0.09326845093268452,
      "F1": 0.13609467061040592
    },
    "ROUGE-L": {
      "Precision": 0.50390625,
      "Recall": 0.20673076923076922,
      "F1": 0.2931818140561984
    }
  },
  "BERTScore": {
    "Precision": 0.7046235203742981,
    "Recall": 0.6971807479858398,
    "F1": 0.7008823752403259
  },
  "Consistency": 0.4921875
}