{
  "ROUGE": {
    "ROUGE-1": {
      "Precision": 0.4744186046511628,
      "Recall": 0.16216216216216217,
      "F1": 0.2417061573404967
    },
    "ROUGE-2": {
      "Precision": 0.19113573407202217,
      "Recall": 0.053405572755417956,
      "F1": 0.08348457008879724
    },
    "ROUGE-L": {
      "Precision": 0.4186046511627907,
      "Recall": 0.14308426073131955,
      "F1": 0.21327013838315068
    }
  },
  "BERTScore": {
    "Precision": 0.7175138592720032,
    "Recall": 0.7093003988265991,
    "F1": 0.7133834958076477
  },
  "Consistency": 0.2255859375
}