{
  "ROUGE": {
    "ROUGE-1": {
      "Precision": 0.5431472081218274,
      "Recall": 0.17569786535303777,
      "F1": 0.26550868116997833
    },
    "ROUGE-2": {
      "Precision": 0.2530487804878049,
      "Recall": 0.06910907577019151,
      "F1": 0.10856768793148902
    },
    "ROUGE-L": {
      "Precision": 0.4873096446700508,
      "Recall": 0.15763546798029557,
      "F1": 0.2382133958101768
    }
  },
  "BERTScore": {
    "Precision": 0.711468517780304,
    "Recall": 0.7016703486442566,
    "F1": 0.7065354585647583
  },
  "Consistency": 0.029296875
}