{
  "ROUGE": {
    "ROUGE-1": {
      "Precision": 0.4577777777777778,
      "Recall": 0.17109634551495018,
      "F1": 0.2490931036569586
    },
    "ROUGE-2": {
      "Precision": 0.254320987654321,
      "Recall": 0.08721422523285352,
      "F1": 0.12988650313266792
    },
    "ROUGE-L": {
      "Precision": 0.40444444444444444,
      "Recall": 0.1511627906976744,
      "F1": 0.2200725474296309
    }
  },
  "BERTScore": {
    "Precision": 0.7150033712387085,
    "Recall": 0.7055754661560059,
    "F1": 0.7102581262588501
  },
  "Consistency": 0.474609375
}