{
  "ROUGE": {
    "ROUGE-1": {
      "Precision": 0.45733788395904434,
      "Recall": 0.21474358974358973,
      "F1": 0.2922573566111104
    },
    "ROUGE-2": {
      "Precision": 0.22178217821782178,
      "Recall": 0.08853754940711463,
      "F1": 0.12655366823821393
    },
    "ROUGE-L": {
      "Precision": 0.4334470989761092,
      "Recall": 0.20352564102564102,
      "F1": 0.27699018103859135
    }
  },
  "BERTScore": {
    "Precision": 0.6835411787033081,
    "Recall": 0.6800276637077332,
    "F1": 0.6817799210548401
  },
  "Consistency": 0.255859375
}