{
  "ROUGE": {
    "ROUGE-1": {
      "Precision": 0.5483870967741935,
      "Recall": 0.24324324324324326,
      "F1": 0.3370044010292506
    },
    "ROUGE-2": {
      "Precision": 0.2749529190207156,
      "Recall": 0.1130030959752322,
      "F1": 0.16017553070399
    },
    "ROUGE-L": {
      "Precision": 0.5268817204301075,
      "Recall": 0.23370429252782193,
      "F1": 0.32378854199841356
    }
  },
  "BERTScore": {
    "Precision": 0.7184411883354187,
    "Recall": 0.7066202759742737,
    "F1": 0.712481677532196
  },
  "Consistency": 0.0003452301025390625
}