{
  "ROUGE": {
    "ROUGE-1": {
      "Precision": 0.4983388704318937,
      "Recall": 0.2403846153846154,
      "F1": 0.3243243199339898
    },
    "ROUGE-2": {
      "Precision": 0.2646502835538752,
      "Recall": 0.11354420113544202,
      "F1": 0.15891032496958116
    },
    "ROUGE-L": {
      "Precision": 0.4418604651162791,
      "Recall": 0.21314102564102563,
      "F1": 0.2875675631772331
    }
  },
  "BERTScore": {
    "Precision": 0.6962796449661255,
    "Recall": 0.6939247846603394,
    "F1": 0.6951002478599548
  },
  "Consistency": 0.0693359375
}