{
  "ROUGE": {
    "ROUGE-1": {
      "Precision": 0.4813664596273292,
      "Recall": 0.2574750830564784,
      "F1": 0.3354978309569724
    },
    "ROUGE-2": {
      "Precision": 0.24873949579831933,
      "Recall": 0.12531752751905165,
      "F1": 0.16666666221101814
    },
    "ROUGE-L": {
      "Precision": 0.4503105590062112,
      "Recall": 0.24086378737541528,
      "F1": 0.31385280931195075
    }
  },
  "BERTScore": {
    "Precision": 0.6977437734603882,
    "Recall": 0.6939423680305481,
    "F1": 0.6958378553390503
  },
  "Consistency": 0.1748046875
}