{
  "ROUGE": {
    "ROUGE-1": {
      "Precision": 0.44061302681992337,
      "Recall": 0.1842948717948718,
      "F1": 0.25988700149091265
    },
    "ROUGE-2": {
      "Precision": 0.20229885057471264,
      "Recall": 0.06956521739130435,
      "F1": 0.10352940795657455
    },
    "ROUGE-L": {
      "Precision": 0.4099616858237548,
      "Recall": 0.17147435897435898,
      "F1": 0.2418079054457149
    }
  },
  "BERTScore": {
    "Precision": 0.6954627633094788,
    "Recall": 0.6874803900718689,
    "F1": 0.6914485692977905
  },
  "Consistency": 0.040771484375
}