{
  "ROUGE": {
    "ROUGE-1": {
      "Precision": 0.5565217391304348,
      "Recall": 0.21018062397372742,
      "F1": 0.30512514500718124
    },
    "ROUGE-2": {
      "Precision": 0.2885572139303483,
      "Recall": 0.09658617818484597,
      "F1": 0.14472863005381764
    },
    "ROUGE-L": {
      "Precision": 0.5173913043478261,
      "Recall": 0.19540229885057472,
      "F1": 0.2836710329690406
    }
  },
  "BERTScore": {
    "Precision": 0.7030611038208008,
    "Recall": 0.6845616102218628,
    "F1": 0.6936880350112915
  },
  "Consistency": 0.08935546875
}