{
  "ROUGE": {
    "ROUGE-1": {
      "Precision": 0.4412811387900356,
      "Recall": 0.1987179487179487,
      "F1": 0.2740331448894967
    },
    "ROUGE-2": {
      "Precision": 0.19959266802443992,
      "Recall": 0.0774703557312253,
      "F1": 0.11161730804430382
    },
    "ROUGE-L": {
      "Precision": 0.4092526690391459,
      "Recall": 0.1842948717948718,
      "F1": 0.25414364212706575
    }
  },
  "BERTScore": {
    "Precision": 0.706475555896759,
    "Recall": 0.6856258511543274,
    "F1": 0.6958945393562317
  },
  "Consistency": 0.8125
}