{
  "ROUGE": {
    "ROUGE-1": {
      "Precision": 0.4759036144578313,
      "Recall": 0.2532051282051282,
      "F1": 0.3305439285208593
    },
    "ROUGE-2": {
      "Precision": 0.22405271828665568,
      "Recall": 0.11030008110300081,
      "F1": 0.14782608253526122
    },
    "ROUGE-L": {
      "Precision": 0.4578313253012048,
      "Recall": 0.24358974358974358,
      "F1": 0.3179916272656292
    }
  },
  "BERTScore": {
    "Precision": 0.7180370092391968,
    "Recall": 0.7113083600997925,
    "F1": 0.7146568298339844
  },
  "Consistency": 0.061767578125
}