{
  "ROUGE": {
    "ROUGE-1": {
      "Precision": 0.4105263157894737,
      "Recall": 0.19435215946843853,
      "F1": 0.2638105931583477
    },
    "ROUGE-2": {
      "Precision": 0.17751479289940827,
      "Recall": 0.07620660457239628,
      "F1": 0.10663506688720649
    },
    "ROUGE-L": {
      "Precision": 0.37543859649122807,
      "Recall": 0.1777408637873754,
      "F1": 0.24126267884042205
    }
  },
  "BERTScore": {
    "Precision": 0.6990636587142944,
    "Recall": 0.7030105590820312,
    "F1": 0.7010315656661987
  },
  "Consistency": 0.11669921875
}