{
  "ROUGE": {
    "ROUGE-1": {
      "Precision": 0.58203125,
      "Recall": 0.24466338259441708,
      "F1": 0.3445086663529286
    },
    "ROUGE-2": {
      "Precision": 0.3208791208791209,
      "Recall": 0.12156536219816819,
      "F1": 0.1763284984301341
    },
    "ROUGE-L": {
      "Precision": 0.52734375,
      "Recall": 0.22167487684729065,
      "F1": 0.3121387241563968
    }
  },
  "BERTScore": {
    "Precision": 0.7226821780204773,
    "Recall": 0.7164327502250671,
    "F1": 0.7195438742637634
  },
  "Consistency": 0.83203125
}