{
  "ROUGE": {
    "ROUGE-1": {
      "Precision": 0.5441696113074205,
      "Recall": 0.24483306836248012,
      "F1": 0.3377192939652826
    },
    "ROUGE-2": {
      "Precision": 0.3201663201663202,
      "Recall": 0.11919504643962849,
      "F1": 0.1737168601183448
    },
    "ROUGE-L": {
      "Precision": 0.5300353356890459,
      "Recall": 0.2384737678855326,
      "F1": 0.32894736414072123
    }
  },
  "BERTScore": {
    "Precision": 0.7414790987968445,
    "Recall": 0.7615602016448975,
    "F1": 0.751385509967804
  },
  "Consistency": 0.0390625
}