{
  "ROUGE": {
    "ROUGE-1": {
      "Precision": 0.5182186234817814,
      "Recall": 0.20512820512820512,
      "F1": 0.2939150361204312
    },
    "ROUGE-2": {
      "Precision": 0.28776978417266186,
      "Recall": 0.09486166007905138,
      "F1": 0.14268727332202485
    },
    "ROUGE-L": {
      "Precision": 0.4817813765182186,
      "Recall": 0.1907051282051282,
      "F1": 0.27324913485751495
    }
  },
  "BERTScore": {
    "Precision": 0.7006895542144775,
    "Recall": 0.6914100050926208,
    "F1": 0.6960188150405884
  },
  "Consistency": 0.0172119140625
}