{
  "ROUGE": {
    "ROUGE-1": {
      "Precision": 0.6579925650557621,
      "Recall": 0.28139904610492844,
      "F1": 0.3942093499238347
    },
    "ROUGE-2": {
      "Precision": 0.45726495726495725,
      "Recall": 0.16563467492260062,
      "F1": 0.24318181427778932
    },
    "ROUGE-L": {
      "Precision": 0.6356877323420075,
      "Recall": 0.2718600953895072,
      "F1": 0.3808463209706054
    }
  },
  "BERTScore": {
    "Precision": 0.8188496828079224,
    "Recall": 0.8158981800079346,
    "F1": 0.8173712491989136
  },
  "Consistency": 0.033203125
}