{
  "ROUGE": {
    "ROUGE-1": {
      "Precision": 0.6458333333333334,
      "Recall": 0.20361247947454844,
      "F1": 0.3096129801254051
    },
    "ROUGE-2": {
      "Precision": 0.4032258064516129,
      "Recall": 0.10407993338884262,
      "F1": 0.16545333889609887
    },
    "ROUGE-L": {
      "Precision": 0.5989583333333334,
      "Recall": 0.18883415435139572,
      "F1": 0.2871410700130455
    }
  },
  "BERTScore": {
    "Precision": 0.7502617239952087,
    "Recall": 0.7485049366950989,
    "F1": 0.7493822574615479
  },
  "Consistency": 0.474609375
}