{
  "ROUGE": {
    "ROUGE-1": {
      "Precision": 0.5454545454545454,
      "Recall": 0.15384615384615385,
      "F1": 0.23999999656800006
    },
    "ROUGE-2": {
      "Precision": 0.2326388888888889,
      "Recall": 0.054339010543390104,
      "F1": 0.08809993118385998
    },
    "ROUGE-L": {
      "Precision": 0.48863636363636365,
      "Recall": 0.13782051282051283,
      "F1": 0.21499999656800003
    }
  },
  "BERTScore": {
    "Precision": 0.7167205810546875,
    "Recall": 0.6949339509010315,
    "F1": 0.7056591510772705
  },
  "Consistency": 0.2060546875
}