{
  "ROUGE": {
    "ROUGE-1": {
      "Precision": 0.5230769230769231,
      "Recall": 0.16943521594684385,
      "F1": 0.2559598457392764
    },
    "ROUGE-2": {
      "Precision": 0.28059701492537314,
      "Recall": 0.07959356477561388,
      "F1": 0.1240105506467949
    },
    "ROUGE-L": {
      "Precision": 0.49230769230769234,
      "Recall": 0.15946843853820597,
      "F1": 0.2409033840077833
    }
  },
  "BERTScore": {
    "Precision": 0.7005090117454529,
    "Recall": 0.6838177442550659,
    "F1": 0.6920627951622009
  },
  "Consistency": 0.12158203125
}