{
  "ROUGE": {
    "ROUGE-1": {
      "Precision": 0.3488372093023256,
      "Recall": 0.1201923076923077,
      "F1": 0.17878426317271406
    },
    "ROUGE-2": {
      "Precision": 0.10674157303370786,
      "Recall": 0.030039525691699605,
      "F1": 0.04688463568394642
    },
    "ROUGE-L": {
      "Precision": 0.32558139534883723,
      "Recall": 0.11217948717948718,
      "F1": 0.16686531204041374
    }
  },
  "BERTScore": {
    "Precision": 0.6824449300765991,
    "Recall": 0.6704086065292358,
    "F1": 0.6763732433319092
  },
  "Consistency": 0.015869140625
}