{
  "ROUGE": {
    "ROUGE-1": {
      "Precision": 0.4776902887139108,
      "Recall": 0.2988505747126437,
      "F1": 0.36767676294196516
    },
    "ROUGE-2": {
      "Precision": 0.23497267759562843,
      "Recall": 0.14321398834304747,
      "F1": 0.17796171283184842
    },
    "ROUGE-L": {
      "Precision": 0.4409448818897638,
      "Recall": 0.27586206896551724,
      "F1": 0.33939393465913686
    }
  },
  "BERTScore": {
    "Precision": 0.6988204717636108,
    "Recall": 0.6879450678825378,
    "F1": 0.6933401226997375
  },
  "Consistency": 0.0003986358642578125
}