{
  "ROUGE": {
    "ROUGE-1": {
      "Precision": 0.4431137724550898,
      "Recall": 0.23717948717948717,
      "F1": 0.30897703094878426
    },
    "ROUGE-2": {
      "Precision": 0.21393034825870647,
      "Recall": 0.10462287104622871,
      "F1": 0.1405228714057095
    },
    "ROUGE-L": {
      "Precision": 0.41317365269461076,
      "Recall": 0.22115384615384615,
      "F1": 0.28810020422644605
    }
  },
  "BERTScore": {
    "Precision": 0.6975895762443542,
    "Recall": 0.6971817016601562,
    "F1": 0.6973855495452881
  },
  "Consistency": 0.003082275390625
}