{
  "ROUGE": {
    "ROUGE-1": {
      "Precision": 0.3621867881548975,
      "Recall": 0.2527821939586645,
      "F1": 0.29775280414701083
    },
    "ROUGE-2": {
      "Precision": 0.16229712858926343,
      "Recall": 0.10061919504643962,
      "F1": 0.12422359775963808
    },
    "ROUGE-L": {
      "Precision": 0.3462414578587699,
      "Recall": 0.24165341812400637,
      "F1": 0.2846441899148011
    }
  },
  "BERTScore": {
    "Precision": 0.6309518814086914,
    "Recall": 0.6680765748023987,
    "F1": 0.6489837765693665
  },
  "Consistency": 7.152557373046875e-05
}