{
  "ROUGE": {
    "ROUGE-1": {
      "Precision": 0.4797047970479705,
      "Recall": 0.2159468438538206,
      "F1": 0.2978235925114515
    },
    "ROUGE-2": {
      "Precision": 0.2413793103448276,
      "Recall": 0.09483488569009314,
      "F1": 0.13617020871585456
    },
    "ROUGE-L": {
      "Precision": 0.42435424354243545,
      "Recall": 0.19102990033222592,
      "F1": 0.2634593313430667
    }
  },
  "BERTScore": {
    "Precision": 0.6856434345245361,
    "Recall": 0.6824445724487305,
    "F1": 0.6840402483940125
  },
  "Consistency": 0.06103515625
}